Territory	Date	t	N	S(t)	C(t)	I(t)	R(t)	D(t)
['*, *, *']	2020-02-25	0	211755692	211755690	2	2	0	0
['*, *, *']	2020-02-26	1	211755692	211755689	3	3	0	0
['*, *, *']	2020-02-27	2	211755692	211755688	4	4	0	0
['*, *, *']	2020-02-28	3	211755692	211755687	5	5	0	0
['*, *, *']	2020-02-29	4	211755692	211755686	6	6	0	0
['*, *, *']	2020-03-01	5	211755692	211755685	7	7	0	0
['*, *, *']	2020-03-02	6	211755692	211755684	8	8	0	0
['*, *, *']	2020-03-03	7	211755692	211755684	8	8	0	0
['*, *, *']	2020-03-04	8	211755692	211755683	9	9	0	0
['*, *, *']	2020-03-05	9	211755692	211755681	11	11	0	0
['*, *, *']	2020-03-06	10	211755692	211755678	14	14	0	0
['*, *, *']	2020-03-07	11	211755692	211755673	19	19	0	0
['*, *, *']	2020-03-08	12	211755692	211755667	25	24	1	0
['*, *, *']	2020-03-09	13	211755692	211755661	31	30	1	0
['*, *, *']	2020-03-10	14	211755692	211755653	39	37	2	0
['*, *, *']	2020-03-11	15	211755692	211755642	50	47	3	0
['*, *, *']	2020-03-12	16	211755692	211755619	73	69	4	0
['*, *, *']	2020-03-13	17	211755692	211755595	97	93	4	0
['*, *, *']	2020-03-14	18	211755692	211755562	130	126	4	0
['*, *, *']	2020-03-15	19	211755692	211755525	167	163	4	0
['*, *, *']	2020-03-16	20	211755692	211755453	239	235	4	0
['*, *, *']	2020-03-17	21	211755692	211755369	323	316	7	0
['*, *, *']	2020-03-18	22	211755692	211755236	456	447	8	1
['*, *, *']	2020-03-19	23	211755692	211755079	613	597	13	3
['*, *, *']	2020-03-20	24	211755692	211754849	843	814	23	6
['*, *, *']	2020-03-21	25	211755692	211754573	1119	1079	30	10
['*, *, *']	2020-03-22	26	211755692	211754208	1484	1439	30	15
['*, *, *']	2020-03-23	27	211755692	211753787	1905	1853	30	22
['*, *, *']	2020-03-24	28	211755692	211753303	2389	2308	50	31
['*, *, *']	2020-03-25	29	211755692	211752716	2976	2858	71	47
['*, *, *']	2020-03-26	30	211755692	211752044	3648	3491	90	67
['*, *, *']	2020-03-27	31	211755692	211751308	4384	4186	108	90
['*, *, *']	2020-03-28	32	211755692	211750526	5166	4915	135	116
['*, *, *']	2020-03-29	33	211755692	211749743	5949	5573	230	146
['*, *, *']	2020-03-30	34	211755692	211748911	6781	6263	331	187
['*, *, *']	2020-03-31	35	211755692	211747824	7868	7136	496	236
['*, *, *']	2020-04-01	36	211755692	211746577	9115	8122	704	289
['*, *, *']	2020-04-02	37	211755692	211745117	10575	9261	963	351
['*, *, *']	2020-04-03	38	211755692	211743478	12214	10497	1288	429
['*, *, *']	2020-04-04	39	211755692	211741615	14077	11896	1656	525
['*, *, *']	2020-04-05	40	211755692	211739543	16149	13460	2058	631
['*, *, *']	2020-04-06	41	211755692	211737371	18321	15063	2512	746
['*, *, *']	2020-04-07	42	211755692	211735011	20681	16739	3056	886
['*, *, *']	2020-04-08	43	211755692	211732347	23345	18631	3662	1052
['*, *, *']	2020-04-09	44	211755692	211729468	26224	20738	4244	1242
['*, *, *']	2020-04-10	45	211755692	211726404	29288	23124	4720	1444
['*, *, *']	2020-04-11	46	211755692	211723367	32325	25551	5131	1643
['*, *, *']	2020-04-12	47	211755692	211720215	35477	27887	5735	1855
['*, *, *']	2020-04-13	48	211755692	211716902	38790	29731	6981	2078
['*, *, *']	2020-04-14	49	211755692	211713561	42131	31156	8650	2325
['*, *, *']	2020-04-15	50	211755692	211709915	45777	32883	10302	2592
['*, *, *']	2020-04-16	51	211755692	211706222	49470	34576	12015	2879
['*, *, *']	2020-04-17	52	211755692	211702091	53601	36780	13628	3193
['*, *, *']	2020-04-18	53	211755692	211697467	58225	39546	15133	3546
['*, *, *']	2020-04-19	54	211755692	211692710	62982	42583	16495	3904
['*, *, *']	2020-04-20	55	211755692	211687832	67860	44919	18680	4261
['*, *, *']	2020-04-21	56	211755692	211682726	72966	46770	21588	4608
['*, *, *']	2020-04-22	57	211755692	211677753	77939	48255	24739	4945
['*, *, *']	2020-04-23	58	211755692	211672269	83423	50806	27276	5341
['*, *, *']	2020-04-24	59	211755692	211666608	89084	54069	29232	5783
['*, *, *']	2020-04-25	60	211755692	211660227	95465	58175	31022	6268
['*, *, *']	2020-04-26	61	211755692	211653337	102355	62451	33119	6785
['*, *, *']	2020-04-27	62	211755692	211645784	109908	66797	35752	7359
['*, *, *']	2020-04-28	63	211755692	211637226	118466	70943	39501	8022
['*, *, *']	2020-04-29	64	211755692	211627714	127978	75740	43475	8763
['*, *, *']	2020-04-30	65	211755692	211617191	138501	81357	47629	9515
['*, *, *']	2020-05-01	66	211755692	211606227	149465	87323	51850	10292
['*, *, *']	2020-05-02	67	211755692	211595349	160343	94081	55188	11074
['*, *, *']	2020-05-03	68	211755692	211584321	171371	101438	58067	11866
['*, *, *']	2020-05-04	69	211755692	211572489	183203	108999	61545	12659
['*, *, *']	2020-05-05	70	211755692	211560257	195435	116012	65941	13482
['*, *, *']	2020-05-06	71	211755692	211546853	208839	123297	71194	14348
['*, *, *']	2020-05-07	72	211755692	211532704	222988	130419	77281	15288
['*, *, *']	2020-05-08	73	211755692	211517129	238563	137929	84321	16313
['*, *, *']	2020-05-09	74	211755692	211500083	255609	147363	90823	17423
['*, *, *']	2020-05-10	75	211755692	211482462	273230	157549	97087	18594
['*, *, *']	2020-05-11	76	211755692	211465046	290646	165790	105040	19816
['*, *, *']	2020-05-12	77	211755692	211447065	308627	172804	114713	21110
['*, *, *']	2020-05-13	78	211755692	211428662	327030	179461	125112	22457
['*, *, *']	2020-05-14	79	211755692	211409084	346608	188001	134779	23828
['*, *, *']	2020-05-15	80	211755692	211388075	367617	199720	142653	25244
['*, *, *']	2020-05-16	81	211755692	211365951	389741	213128	149939	26674
['*, *, *']	2020-05-17	82	211755692	211343422	412270	225268	158892	28110
['*, *, *']	2020-05-18	83	211755692	211318517	437175	237115	170445	29615
['*, *, *']	2020-05-19	84	211755692	211291605	464087	248176	184728	31183
['*, *, *']	2020-05-20	85	211755692	211262080	493612	260217	200562	32833
['*, *, *']	2020-05-21	86	211755692	211231432	524260	272640	217062	34558
['*, *, *']	2020-05-22	87	211755692	211198880	556812	287671	232822	36319
['*, *, *']	2020-05-23	88	211755692	211165484	590208	306545	245489	38174
['*, *, *']	2020-05-24	89	211755692	211130143	625549	329601	255871	40077
['*, *, *']	2020-05-25	90	211755692	211095304	660388	349218	269189	41981
['*, *, *']	2020-05-26	91	211755692	211060553	695139	364195	287064	43880
['*, *, *']	2020-05-27	92	211755692	211025985	729707	374969	308960	45778
['*, *, *']	2020-05-28	93	211755692	210988482	767210	386449	333048	47713
['*, *, *']	2020-05-29	94	211755692	210949616	806076	400610	355790	49676
['*, *, *']	2020-05-30	95	211755692	210906373	849319	423944	373785	51590
['*, *, *']	2020-05-31	96	211755692	210863498	892194	444951	393794	53449
['*, *, *']	2020-06-01	97	211755692	210820007	935685	460090	420284	55311
['*, *, *']	2020-06-02	98	211755692	210772065	983627	474624	451739	57264
['*, *, *']	2020-06-03	99	211755692	210722441	1033251	489320	484676	59255
['*, *, *']	2020-06-04	100	211755692	210671833	1083859	503843	518685	61331
['*, *, *']	2020-06-05	101	211755692	210619732	1135960	522324	550239	63397
['*, *, *']	2020-06-06	102	211755692	210570043	1185649	543705	576502	65442
['*, *, *']	2020-06-07	103	211755692	210518961	1236731	569668	599574	67489
['*, *, *']	2020-06-08	104	211755692	210467200	1288492	593532	625389	69571
['*, *, *']	2020-06-09	105	211755692	210415584	1340108	610048	658458	71602
['*, *, *']	2020-06-10	106	211755692	210361681	1394011	619497	700867	73647
['*, *, *']	2020-06-11	107	211755692	210308809	1446883	622660	748600	75623
['*, *, *']	2020-06-12	108	211755692	210258026	1497666	622520	797613	77533
['*, *, *']	2020-06-13	109	211755692	210208093	1547599	633466	834675	79458
['*, *, *']	2020-06-14	110	211755692	210158429	1597263	652245	863590	81428
['*, *, *']	2020-06-15	111	211755692	210106746	1648946	659244	906338	83364
['*, *, *']	2020-06-16	112	211755692	210053413	1702279	660304	956628	85347
['*, *, *']	2020-06-17	113	211755692	210000978	1754714	657882	1009518	87314
['*, *, *']	2020-06-18	114	211755692	209949415	1806277	652725	1064271	89281
['*, *, *']	2020-06-19	115	211755692	209888907	1866785	663478	1111974	91333
['*, *, *']	2020-06-20	116	211755692	209826133	1929559	686854	1149284	93421
['*, *, *']	2020-06-21	117	211755692	209763505	1992187	712503	1184182	95502
['*, *, *']	2020-06-22	118	211755692	209700299	2055393	728111	1229701	97581
['*, *, *']	2020-06-23	119	211755692	209636389	2119303	732987	1286641	99675
['*, *, *']	2020-06-24	120	211755692	209569591	2186101	742971	1341384	101746
['*, *, *']	2020-06-25	121	211755692	209498048	2257644	764214	1389630	103800
['*, *, *']	2020-06-26	122	211755692	209429778	2325914	788267	1431846	105801
['*, *, *']	2020-06-27	123	211755692	209359240	2396452	818320	1470321	107811
['*, *, *']	2020-06-28	124	211755692	209283954	2471738	849741	1512176	109821
['*, *, *']	2020-06-29	125	211755692	209210052	2545640	865081	1568730	111829
['*, *, *']	2020-06-30	126	211755692	209136139	2619553	876703	1629038	113812
['*, *, *']	2020-07-01	127	211755692	209060676	2695016	893107	1686123	115786
['*, *, *']	2020-07-02	128	211755692	208984349	2771343	892952	1760605	117786
['*, *, *']	2020-07-03	129	211755692	208908611	2847081	897164	1830067	119850
['*, *, *']	2020-07-04	130	211755692	208834102	2921590	925046	1874622	121922
['*, *, *']	2020-07-05	131	211755692	208761448	2994244	950329	1919930	123985
['*, *, *']	2020-07-06	132	211755692	208688036	3067656	960299	1981324	126033
['*, *, *']	2020-07-07	133	211755692	208612557	3143135	960650	2054406	128079
['*, *, *']	2020-07-08	134	211755692	208537428	3218264	957497	2130613	130154
['*, *, *']	2020-07-09	135	211755692	208462811	3292881	952891	2207776	132214
['*, *, *']	2020-07-10	136	211755692	208387705	3367987	954253	2279434	134300
['*, *, *']	2020-07-11	137	211755692	208311992	3443700	965941	2341406	136353
['*, *, *']	2020-07-12	138	211755692	208237054	3518638	986237	2393982	138419
['*, *, *']	2020-07-13	139	211755692	208162570	3593122	997469	2455127	140526
['*, *, *']	2020-07-14	140	211755692	208089496	3666196	988257	2535309	142630
['*, *, *']	2020-07-15	141	211755692	208017645	3738047	975139	2618146	144762
['*, *, *']	2020-07-16	142	211755692	207945493	3810199	966439	2696840	146920
['*, *, *']	2020-07-17	143	211755692	207876110	3879582	963488	2767066	149028
['*, *, *']	2020-07-18	144	211755692	207809419	3946273	972239	2822923	151111
['*, *, *']	2020-07-19	145	211755692	207742763	4012929	984172	2875537	153220
['*, *, *']	2020-07-20	146	211755692	207676042	4079650	978742	2945594	155314
['*, *, *']	2020-07-21	147	211755692	207607906	4147786	959861	3030512	157413
['*, *, *']	2020-07-22	148	211755692	207532576	4223116	949550	3114047	159519
['*, *, *']	2020-07-23	149	211755692	207453441	4302251	944483	3196143	161625
['*, *, *']	2020-07-24	150	211755692	207368208	4387484	955356	3268394	163734
['*, *, *']	2020-07-25	151	211755692	207276532	4479160	987866	3325372	165922
['*, *, *']	2020-07-26	152	211755692	207185478	4570214	1025797	3376344	168073
['*, *, *']	2020-07-27	153	211755692	207092495	4663197	1051825	3441172	170200
['*, *, *']	2020-07-28	154	211755692	206997492	4758200	1065414	3520483	172303
['*, *, *']	2020-07-29	155	211755692	206905548	4850144	1075135	3600624	174385
['*, *, *']	2020-07-30	156	211755692	206813490	4942202	1091727	3674043	176432
['*, *, *']	2020-07-31	157	211755692	206722564	5033128	1121456	3733161	178511
['*, *, *']	2020-08-01	158	211755692	206633407	5122285	1158505	3783245	180535
['*, *, *']	2020-08-02	159	211755692	206543939	5211753	1193826	3835389	182538
['*, *, *']	2020-08-03	160	211755692	206456346	5299346	1205967	3908840	184539
['*, *, *']	2020-08-04	161	211755692	206368457	5387235	1186837	4013852	186546
['*, *, *']	2020-08-05	162	211755692	206280859	5474833	1160319	4125933	188581
['*, *, *']	2020-08-06	163	211755692	206193600	5562092	1141255	4230172	190665
['*, *, *']	2020-08-07	164	211755692	206107234	5648458	1134180	4321582	192696
['*, *, *']	2020-08-08	165	211755692	206019205	5736487	1155189	4386590	194708
['*, *, *']	2020-08-09	166	211755692	205931689	5824003	1183473	4443808	196722
['*, *, *']	2020-08-10	167	211755692	205842921	5912771	1188817	4525170	198784
['*, *, *']	2020-08-11	168	211755692	205755888	5999804	1173153	4625827	200824
['*, *, *']	2020-08-12	169	211755692	205668570	6087122	1154784	4729525	202813
['*, *, *']	2020-08-13	170	211755692	205580291	6175401	1141686	4828944	204771
['*, *, *']	2020-08-14	171	211755692	205492101	6263591	1145297	4911585	206709
['*, *, *']	2020-08-15	172	211755692	205406961	6348731	1168983	4971143	208605
['*, *, *']	2020-08-16	173	211755692	205321340	6434352	1198661	5025173	210518
['*, *, *']	2020-08-17	174	211755692	205236784	6518908	1201672	5104824	212412
['*, *, *']	2020-08-18	175	211755692	205152756	6602936	1180814	5207777	214345
['*, *, *']	2020-08-19	176	211755692	205070671	6685021	1153795	5314942	216284
['*, *, *']	2020-08-20	177	211755692	204993862	6761830	1127721	5415896	218213
['*, *, *']	2020-08-21	178	211755692	204921516	6834176	1108601	5505417	220158
['*, *, *']	2020-08-22	179	211755692	204846619	6909073	1115464	5571475	222134
['*, *, *']	2020-08-23	180	211755692	204772007	6983685	1132082	5627530	224073
['*, *, *']	2020-08-24	181	211755692	204697692	7058000	1125904	5706107	225989
['*, *, *']	2020-08-25	182	211755692	204623860	7131832	1096875	5807088	227869
['*, *, *']	2020-08-26	183	211755692	204550369	7205323	1059389	5916211	229723
['*, *, *']	2020-08-27	184	211755692	204477263	7278429	1029603	6017329	231497
['*, *, *']	2020-08-28	185	211755692	204400843	7354849	1024061	6097570	233218
['*, *, *']	2020-08-29	186	211755692	204327638	7428054	1035906	6157226	234922
['*, *, *']	2020-08-30	187	211755692	204255749	7499943	1052809	6210488	236646
['*, *, *']	2020-08-31	188	211755692	204176186	7579506	1057881	6283274	238351
['*, *, *']	2020-09-01	189	211755692	204097174	7658518	1043717	6374760	240041
['*, *, *']	2020-09-02	190	211755692	204018654	7737038	1033357	6461917	241764
['*, *, *']	2020-09-03	191	211755692	203938472	7817220	1033984	6539774	243462
['*, *, *']	2020-09-04	192	211755692	203859845	7895847	1033135	6617558	245154
['*, *, *']	2020-09-05	193	211755692	203781372	7974320	1045233	6682287	246800
['*, *, *']	2020-09-06	194	211755692	203703739	8051953	1068888	6734648	248417
['*, *, *']	2020-09-07	195	211755692	203637696	8117996	1061240	6806809	249947
['*, *, *']	2020-09-08	196	211755692	203578706	8176986	1029257	6896431	251298
['*, *, *']	2020-09-09	197	211755692	203522348	8233344	996146	6984559	252639
['*, *, *']	2020-09-10	198	211755692	203467674	8288018	963949	7070057	254012
['*, *, *']	2020-09-11	199	211755692	203412531	8343161	943541	7144236	255384
['*, *, *']	2020-09-12	200	211755692	203358382	8397310	938533	7201975	256802
['*, *, *']	2020-09-13	201	211755692	203304269	8451423	921152	7272058	258213
['*, *, *']	2020-09-14	202	211755692	203247038	8508654	891769	7357227	259658
['*, *, *']	2020-09-15	203	211755692	203185485	8570207	864547	7444396	261264
['*, *, *']	2020-09-16	204	211755692	203123892	8631800	835947	7533042	262811
['*, *, *']	2020-09-17	205	211755692	203064105	8691587	813144	7614128	264315
['*, *, *']	2020-09-18	206	211755692	203004225	8751467	803318	7682322	265827
['*, *, *']	2020-09-19	207	211755692	202944655	8811037	812673	7731048	267316
['*, *, *']	2020-09-20	208	211755692	202884733	8870959	840401	7761769	268789
['*, *, *']	2020-09-21	209	211755692	202825704	8929988	859923	7799799	270266
['*, *, *']	2020-09-22	210	211755692	202766826	8988866	855835	7861377	271654
['*, *, *']	2020-09-23	211	211755692	202708959	9046733	835515	7938177	273041
['*, *, *']	2020-09-24	212	211755692	202651749	9103943	813305	8016216	274422
['*, *, *']	2020-09-25	213	211755692	202597209	9158483	799006	8083690	275787
['*, *, *']	2020-09-26	214	211755692	202544057	9211635	804081	8130391	277163
['*, *, *']	2020-09-27	215	211755692	202491368	9264324	812575	8173212	278537
['*, *, *']	2020-09-28	216	211755692	202438803	9316889	803952	8233048	279889
['*, *, *']	2020-09-29	217	211755692	202386592	9369100	783978	8303858	281264
['*, *, *']	2020-09-30	218	211755692	202334572	9421120	762148	8376355	282617
['*, *, *']	2020-10-01	219	211755692	202281442	9474250	740551	8449704	283995
['*, *, *']	2020-10-02	220	211755692	202228167	9527525	728145	8514055	285325
['*, *, *']	2020-10-03	221	211755692	202175346	9580346	734959	8558770	286617
['*, *, *']	2020-10-04	222	211755692	202124036	9631656	748757	8594991	287908
['*, *, *']	2020-10-05	223	211755692	202070160	9685532	750993	8645344	289195
['*, *, *']	2020-10-06	224	211755692	202016807	9738885	740325	8708088	290472
['*, *, *']	2020-10-07	225	211755692	201964505	9791187	727689	8771807	291691
['*, *, *']	2020-10-08	226	211755692	201913923	9841769	714548	8834327	292894
['*, *, *']	2020-10-09	227	211755692	201864736	9890956	708187	8888671	294098
['*, *, *']	2020-10-10	228	211755692	201815324	9940368	716395	8928686	295287
['*, *, *']	2020-10-11	229	211755692	201764909	9990783	729763	8964561	296459
['*, *, *']	2020-10-12	230	211755692	201719460	10036232	722874	9015780	297578
['*, *, *']	2020-10-13	231	211755692	201679065	10076627	699496	9078565	298566
['*, *, *']	2020-10-14	232	211755692	201638717	10116975	671728	9145668	299579
['*, *, *']	2020-10-15	233	211755692	201598250	10157442	646365	9210492	300585
['*, *, *']	2020-10-16	234	211755692	201558475	10197217	632468	9263188	301561
['*, *, *']	2020-10-17	235	211755692	201519142	10236550	634405	9299623	302522
['*, *, *']	2020-10-18	236	211755692	201479216	10276476	633950	9339043	303483
['*, *, *']	2020-10-19	237	211755692	201436831	10318861	622010	9392367	304484
['*, *, *']	2020-10-20	238	211755692	201391400	10364292	608954	9449771	305567
['*, *, *']	2020-10-21	239	211755692	201346857	10408835	595336	9506900	306599
['*, *, *']	2020-10-22	240	211755692	201303858	10451834	582098	9562190	307546
['*, *, *']	2020-10-23	241	211755692	201259574	10496118	576840	9610779	308499
['*, *, *']	2020-10-24	242	211755692	201214441	10541251	585844	9645982	309425
['*, *, *']	2020-10-25	243	211755692	201169966	10585726	605740	9669656	310330
['*, *, *']	2020-10-26	244	211755692	201124826	10630866	621859	9697770	311237
['*, *, *']	2020-10-27	245	211755692	201077965	10677727	622275	9743344	312108
['*, *, *']	2020-10-28	246	211755692	201030292	10725400	612170	9800269	312961
['*, *, *']	2020-10-29	247	211755692	200982023	10773669	605996	9853847	313826
['*, *, *']	2020-10-30	248	211755692	200935779	10819913	605122	9900110	314681
['*, *, *']	2020-10-31	249	211755692	200893212	10862480	610237	9936737	315506
['*, *, *']	2020-11-01	250	211755692	200851119	10904573	617931	9970314	316328
['*, *, *']	2020-11-02	251	211755692	200812071	10943621	613860	10012656	317105
['*, *, *']	2020-11-03	252	211755692	200776865	10978827	599743	10061250	317834
['*, *, *']	2020-11-04	253	211755692	200742834	11012858	581927	10112337	318594
['*, *, *']	2020-11-05	254	211755692	200709707	11045985	561202	10165416	319367
['*, *, *']	2020-11-06	255	211755692	200677268	11078424	543074	10215282	320068
['*, *, *']	2020-11-07	256	211755692	200643643	11112049	539899	10251398	320752
['*, *, *']	2020-11-08	257	211755692	200609965	11145727	538991	10285297	321439
['*, *, *']	2020-11-09	258	211755692	200574524	11181168	528040	10331002	322126
['*, *, *']	2020-11-10	259	211755692	200530253	11225439	518732	10383934	322773
['*, *, *']	2020-11-11	260	211755692	200485943	11269749	509836	10436507	323406
['*, *, *']	2020-11-12	261	211755692	200438814	11316878	509917	10482836	324125
['*, *, *']	2020-11-13	262	211755692	200386364	11369328	526920	10517478	324930
['*, *, *']	2020-11-14	263	211755692	200330886	11424806	556617	10542306	325883
['*, *, *']	2020-11-15	264	211755692	200274521	11481171	590008	10564343	326820
['*, *, *']	2020-11-16	265	211755692	200217608	11538084	617126	10593177	327781
['*, *, *']	2020-11-17	266	211755692	200164045	11591647	629208	10633564	328875
['*, *, *']	2020-11-18	267	211755692	200107661	11648031	638619	10679389	330023
['*, *, *']	2020-11-19	268	211755692	200050429	11705263	652631	10721531	331101
['*, *, *']	2020-11-20	269	211755692	199981703	11773989	684458	10757117	332414
['*, *, *']	2020-11-21	270	211755692	199911171	11844521	725211	10785683	333627
['*, *, *']	2020-11-22	271	211755692	199838869	11916823	764206	10817759	334858
['*, *, *']	2020-11-23	272	211755692	199766224	11989468	777789	10875567	336112
['*, *, *']	2020-11-24	273	211755692	199694104	12061588	785888	10938353	337347
['*, *, *']	2020-11-25	274	211755692	199618451	12137241	803271	10995413	338557
['*, *, *']	2020-11-26	275	211755692	199541403	12214289	814836	11059668	339785
['*, *, *']	2020-11-27	276	211755692	199477780	12277912	821966	11115180	340766
['*, *, *']	2020-11-28	277	211755692	199408731	12346961	853361	11151802	341798
['*, *, *']	2020-11-29	278	211755692	199338957	12416735	889762	11184132	342841
['*, *, *']	2020-11-30	279	211755692	199267408	12488284	911705	11232690	343889
['*, *, *']	2020-12-01	280	211755692	199190503	12565189	925366	11294864	344959
['*, *, *']	2020-12-02	281	211755692	199113057	12642635	930236	11366366	346033
['*, *, *']	2020-12-03	282	211755692	199032972	12722720	910219	11465379	347122
['*, *, *']	2020-12-04	283	211755692	198948351	12807341	906309	11552779	348253
['*, *, *']	2020-12-05	284	211755692	198867146	12888546	937500	11601639	349407
['*, *, *']	2020-12-06	285	211755692	198784667	12971025	980425	11640010	350590
['*, *, *']	2020-12-07	286	211755692	198701237	13054455	1009313	11693348	351794
['*, *, *']	2020-12-08	287	211755692	198619049	13136643	1014176	11769437	353030
['*, *, *']	2020-12-09	288	211755692	198535068	13220624	1019814	11846494	354316
['*, *, *']	2020-12-10	289	211755692	198450278	13305414	1031908	11917904	355602
['*, *, *']	2020-12-11	290	211755692	198364967	13390725	1040314	11993538	356873
['*, *, *']	2020-12-12	291	211755692	198278492	13477200	1061566	12057473	358161
['*, *, *']	2020-12-13	292	211755692	198193217	13562475	1095970	12107067	359438
['*, *, *']	2020-12-14	293	211755692	198107440	13648252	1108013	12179496	360743
['*, *, *']	2020-12-15	294	211755692	198022165	13733527	1100352	12271101	362074
['*, *, *']	2020-12-16	295	211755692	197933025	13822667	1096766	12362458	363443
['*, *, *']	2020-12-17	296	211755692	197839392	13916300	1098184	12453218	364898
['*, *, *']	2020-12-18	297	211755692	197744814	14010878	1108308	12536164	366406
['*, *, *']	2020-12-19	298	211755692	197649550	14106142	1139894	12598349	367899
['*, *, *']	2020-12-20	299	211755692	197553202	14202490	1178747	12654315	369428
['*, *, *']	2020-12-21	300	211755692	197457208	14298484	1200630	12726887	370967
['*, *, *']	2020-12-22	301	211755692	197358356	14397336	1204197	12820612	372527
['*, *, *']	2020-12-23	302	211755692	197265708	14489984	1195764	12920136	374084
['*, *, *']	2020-12-24	303	211755692	197176383	14579309	1189540	13014215	375554
['*, *, *']	2020-12-25	304	211755692	197095799	14659893	1185127	13097837	376929
['*, *, *']	2020-12-26	305	211755692	197023586	14732106	1189470	13164432	378204
['*, *, *']	2020-12-27	306	211755692	196954009	14801683	1201412	13220822	379449
['*, *, *']	2020-12-28	307	211755692	196884256	14871436	1191810	13298935	380691
['*, *, *']	2020-12-29	308	211755692	196814379	14941313	1150806	13408549	381958
['*, *, *']	2020-12-30	309	211755692	196743659	15012033	1097302	13531478	383253
['*, *, *']	2020-12-31	310	211755692	196671845	15083847	1056888	13642294	384665
['*, *, *']	2021-01-01	311	211755692	196600379	15155313	1035525	13733723	386065
['*, *, *']	2021-01-02	312	211755692	196529002	15226690	1036259	13802960	387471
['*, *, *']	2021-01-03	313	211755692	196457662	15298030	1044382	13864777	388871
['*, *, *']	2021-01-04	314	211755692	196387019	15368673	1031938	13946447	390288
['*, *, *']	2021-01-05	315	211755692	196316009	15439683	1004151	14043790	391742
['*, *, *']	2021-01-06	316	211755692	196241663	15514029	978855	14141931	393243
['*, *, *']	2021-01-07	317	211755692	196159069	15596623	986515	14215263	394845
['*, *, *']	2021-01-08	318	211755692	196065448	15690244	1031660	14261954	396630
['*, *, *']	2021-01-09	319	211755692	195962170	15793522	1090732	14304179	398611
['*, *, *']	2021-01-10	320	211755692	195855277	15900415	1142116	14357653	400646
['*, *, *']	2021-01-11	321	211755692	195746977	16008715	1163860	14442209	402646
['*, *, *']	2021-01-12	322	211755692	195637344	16118348	1170272	14543442	404634
['*, *, *']	2021-01-13	323	211755692	195527543	16228149	1174089	14647434	406626
['*, *, *']	2021-01-14	324	211755692	195424603	16331089	1196758	14725846	408485
['*, *, *']	2021-01-15	325	211755692	195319163	16436529	1252948	14773241	410340
['*, *, *']	2021-01-16	326	211755692	195211199	16544493	1316022	14816231	412240
['*, *, *']	2021-01-17	327	211755692	195102936	16652756	1370036	14868574	414146
['*, *, *']	2021-01-18	328	211755692	194994420	16761272	1391565	14953643	416064
['*, *, *']	2021-01-19	329	211755692	194886178	16869514	1383047	15068482	417985
['*, *, *']	2021-01-20	330	211755692	194776771	16978921	1354254	15204714	419953
['*, *, *']	2021-01-21	331	211755692	194669414	17086278	1330317	15333958	422003
['*, *, *']	2021-01-22	332	211755692	194565470	17190222	1335763	15430405	424054
['*, *, *']	2021-01-23	333	211755692	194462140	17293552	1364795	15502661	426096
['*, *, *']	2021-01-24	334	211755692	194359384	17396308	1401172	15566976	428160
['*, *, *']	2021-01-25	335	211755692	194256397	17499295	1409740	15659276	430279
['*, *, *']	2021-01-26	336	211755692	194153324	17602368	1396263	15773704	432401
['*, *, *']	2021-01-27	337	211755692	194050560	17705132	1377047	15893586	434499
['*, *, *']	2021-01-28	338	211755692	193947174	17808518	1355761	16016132	436625
['*, *, *']	2021-01-29	339	211755692	193842898	17912794	1350145	16123894	438755
['*, *, *']	2021-01-30	340	211755692	193740436	18015256	1371735	16202626	440895
['*, *, *']	2021-01-31	341	211755692	193638122	18117570	1406002	16268541	443027
['*, *, *']	2021-02-01	342	211755692	193536366	18219326	1411641	16362544	445141
['*, *, *']	2021-02-02	343	211755692	193436133	18319559	1389922	16482352	447285
['*, *, *']	2021-02-03	344	211755692	193338859	18416833	1365344	16602099	449390
['*, *, *']	2021-02-04	345	211755692	193243025	18512667	1344478	16716748	451441
['*, *, *']	2021-02-05	346	211755692	193150084	18605608	1330162	16821916	453530
['*, *, *']	2021-02-06	347	211755692	193058968	18696724	1337639	16903537	455548
['*, *, *']	2021-02-07	348	211755692	192966870	18788822	1360257	16970998	457567
['*, *, *']	2021-02-08	349	211755692	192875285	18880407	1355580	17065222	459605
['*, *, *']	2021-02-09	350	211755692	192786380	18969312	1321935	17185735	461642
['*, *, *']	2021-02-10	351	211755692	192695658	19060034	1290475	17305837	463722
['*, *, *']	2021-02-11	352	211755692	192606946	19148746	1260936	17421988	465822
['*, *, *']	2021-02-12	353	211755692	192517882	19237810	1244303	17525569	467938
['*, *, *']	2021-02-13	354	211755692	192426672	19329020	1255272	17603627	470121
['*, *, *']	2021-02-14	355	211755692	192335519	19420173	1278454	17669387	472332
['*, *, *']	2021-02-15	356	211755692	192245387	19510305	1278841	17756953	474511
['*, *, *']	2021-02-16	357	211755692	192149775	19605917	1265676	17863598	476643
['*, *, *']	2021-02-17	358	211755692	192058034	19697658	1247397	17971532	478729
['*, *, *']	2021-02-18	359	211755692	191966326	19789366	1235024	18073511	480831
['*, *, *']	2021-02-19	360	211755692	191872773	19882919	1235402	18164550	482967
['*, *, *']	2021-02-20	361	211755692	191779882	19975810	1249312	18241444	485054
['*, *, *']	2021-02-21	362	211755692	191686794	20068898	1274521	18307238	487139
['*, *, *']	2021-02-22	363	211755692	191592045	20163647	1285705	18388696	489246
['*, *, *']	2021-02-23	364	211755692	191498832	20256860	1271231	18494216	491413
['*, *, *']	2021-02-24	365	211755692	191399315	20356377	1262338	18600363	493676
['*, *, *']	2021-02-25	366	211755692	191294207	20461485	1264598	18700890	495997
['*, *, *']	2021-02-26	367	211755692	191187654	20568038	1271396	18798351	498291
['*, *, *']	2021-02-27	368	211755692	191078393	20677299	1298909	18877716	500674
['*, *, *']	2021-02-28	369	211755692	190968876	20786816	1340520	18943213	503083
['*, *, *']	2021-03-01	370	211755692	190856616	20899076	1359767	19033775	505534
['*, *, *']	2021-03-02	371	211755692	190744380	21011312	1365027	19138174	508111
['*, *, *']	2021-03-03	372	211755692	190631433	21124259	1377822	19235666	510771
['*, *, *']	2021-03-04	373	211755692	190516136	21239556	1387193	19338864	513499
['*, *, *']	2021-03-05	374	211755692	190399202	21356490	1404105	19436063	516322
['*, *, *']	2021-03-06	375	211755692	190281286	21474406	1441602	19513623	519181
['*, *, *']	2021-03-07	376	211755692	190146698	21608994	1504574	19582230	522190
['*, *, *']	2021-03-08	377	211755692	190013209	21742483	1542707	19674495	525281
['*, *, *']	2021-03-09	378	211755692	189876668	21879024	1555394	19795197	528433
['*, *, *']	2021-03-10	379	211755692	189737360	22018332	1564576	19922011	531745
['*, *, *']	2021-03-11	380	211755692	189598319	22157373	1580141	20042074	535158
['*, *, *']	2021-03-12	381	211755692	189455094	22300598	1610601	20151289	538708
['*, *, *']	2021-03-13	382	211755692	189309300	22446392	1666301	20237673	542418
['*, *, *']	2021-03-14	383	211755692	189177340	22578352	1718768	20313520	546064
['*, *, *']	2021-03-15	384	211755692	189043162	22712530	1750528	20412235	549767
['*, *, *']	2021-03-16	385	211755692	188904939	22850753	1760323	20536696	553734
['*, *, *']	2021-03-17	386	211755692	188764554	22991138	1762572	20670784	557782
['*, *, *']	2021-03-18	387	211755692	188621042	23134650	1771837	20800834	561979
['*, *, *']	2021-03-19	388	211755692	188475531	23280161	1788320	20925502	566339
['*, *, *']	2021-03-20	389	211755692	188329417	23426275	1796094	21059366	570815
['*, *, *']	2021-03-21	390	211755692	188182407	23573285	1825330	21172640	575315
['*, *, *']	2021-03-22	391	211755692	188032541	23723151	1862149	21281130	579872
['*, *, *']	2021-03-23	392	211755692	187881827	23873865	1868177	21421122	584566
['*, *, *']	2021-03-24	393	211755692	187730633	24025059	1869372	21566528	589159
['*, *, *']	2021-03-25	394	211755692	187577019	24178673	1873482	21711480	593711
['*, *, *']	2021-03-26	395	211755692	187427290	24328402	1882974	21846951	598477
['*, *, *']	2021-03-27	396	211755692	187273050	24482642	1928224	21950830	603588
['*, *, *']	2021-03-28	397	211755692	187118574	24637118	1987146	22041147	608825
['*, *, *']	2021-03-29	398	211755692	186967977	24787715	2006511	22167017	614187
['*, *, *']	2021-03-30	399	211755692	186818575	24937117	1993823	22323683	619611
['*, *, *']	2021-03-31	400	211755692	186668479	25087213	1977246	22484426	625541
['*, *, *']	2021-04-01	401	211755692	186520430	25235262	1957690	22645790	631782
['*, *, *']	2021-04-02	402	211755692	186376071	25379621	1951926	22789927	637768
['*, *, *']	2021-04-03	403	211755692	186247251	25508441	1961486	22903737	643218
['*, *, *']	2021-04-04	404	211755692	186122485	25633207	1971707	23012923	648577
['*, *, *']	2021-04-05	405	211755692	185994386	25761306	1958603	23148654	654049
['*, *, *']	2021-04-06	406	211755692	185868797	25886895	1913615	23313686	659594
['*, *, *']	2021-04-07	407	211755692	185745464	26010228	1861848	23483379	665001
['*, *, *']	2021-04-08	408	211755692	185624486	26131206	1817529	23643214	670463
['*, *, *']	2021-04-09	409	211755692	185496890	26258802	1788666	23793898	676238
['*, *, *']	2021-04-10	410	211755692	185362219	26393473	1796031	23915293	682149
['*, *, *']	2021-04-11	411	211755692	185226278	26529414	1831688	24009547	688179
['*, *, *']	2021-04-12	412	211755692	185094395	26661297	1830357	24136927	694013
['*, *, *']	2021-04-13	413	211755692	184961497	26794195	1792735	24301643	699817
['*, *, *']	2021-04-14	414	211755692	184833253	26922439	1750044	24466885	705510
['*, *, *']	2021-04-15	415	211755692	184708767	27046925	1730446	24605440	711039
['*, *, *']	2021-04-16	416	211755692	184587116	27168576	1748087	24704123	716366
['*, *, *']	2021-04-17	417	211755692	184464836	27290856	1785662	24783330	721864
['*, *, *']	2021-04-18	418	211755692	184341115	27414577	1810283	24877005	727289
['*, *, *']	2021-04-19	419	211755692	184218254	27537438	1799363	25005359	732716
['*, *, *']	2021-04-20	420	211755692	184098692	27657000	1759551	25159457	737992
['*, *, *']	2021-04-21	421	211755692	183958624	27797068	1734523	25318556	743989
['*, *, *']	2021-04-22	422	211755692	183824534	27931158	1707243	25474334	749581
['*, *, *']	2021-04-23	423	211755692	183693107	28062585	1698883	25608513	755189
['*, *, *']	2021-04-24	424	211755692	183565229	28190463	1722237	25707630	760596
['*, *, *']	2021-04-25	425	211755692	183437877	28317815	1758042	25793712	766061
['*, *, *']	2021-04-26	426	211755692	183307763	28447929	1765122	25911176	771631
['*, *, *']	2021-04-27	427	211755692	183176213	28579479	1752305	26050028	777146
['*, *, *']	2021-04-28	428	211755692	183062123	28693569	1725742	26185923	781904
['*, *, *']	2021-04-29	429	211755692	182941099	28814593	1703834	26323753	787006
['*, *, *']	2021-04-30	430	211755692	182818841	28936851	1695892	26448896	792063
['*, *, *']	2021-05-01	431	211755692	182697800	29057892	1716050	26544840	797002
['*, *, *']	2021-05-02	432	211755692	182577917	29177775	1747795	26628066	801914
['*, *, *']	2021-05-03	433	211755692	182459639	29296053	1742772	26746707	806574
['*, *, *']	2021-05-04	434	211755692	182340468	29415224	1671048	26932864	811312
['*, *, *']	2021-05-05	435	211755692	182223310	29532382	1620808	27095634	815940
['*, *, *']	2021-05-06	436	211755692	182104232	29651460	1616113	27214899	820448
['*, *, *']	2021-05-07	437	211755692	181984593	29771099	1619090	27327257	824752
['*, *, *']	2021-05-08	438	211755692	181859358	29896334	1647708	27419432	829194
['*, *, *']	2021-05-09	439	211755692	181735069	30020623	1678078	27509082	833463
['*, *, *']	2021-05-10	440	211755692	181611594	30144098	1679828	27626552	837718
['*, *, *']	2021-05-11	441	211755692	181489779	30265913	1653737	27770499	841677
['*, *, *']	2021-05-12	442	211755692	181367443	30388249	1630574	27912086	845589
['*, *, *']	2021-05-13	443	211755692	181243440	30512252	1617413	28045420	849419
['*, *, *']	2021-05-14	444	211755692	181118405	30637287	1627960	28156065	853262
['*, *, *']	2021-05-15	445	211755692	180993689	30762003	1664355	28240621	857027
['*, *, *']	2021-05-16	446	211755692	180869116	30886576	1698628	28327178	860770
['*, *, *']	2021-05-17	447	211755692	180742103	31013589	1707308	28441673	864608
['*, *, *']	2021-05-18	448	211755692	180613744	31141948	1689563	28583880	868505
['*, *, *']	2021-05-19	449	211755692	180483829	31271863	1666245	28733225	872393
['*, *, *']	2021-05-20	450	211755692	180354303	31401389	1653462	28871620	876307
['*, *, *']	2021-05-21	451	211755692	180223997	31531695	1653883	28997578	880234
['*, *, *']	2021-05-22	452	211755692	180092695	31662997	1688678	29090202	884117
['*, *, *']	2021-05-23	453	211755692	179959847	31795845	1737801	29170030	888014
['*, *, *']	2021-05-24	454	211755692	179829490	31926202	1755223	29279237	891742
['*, *, *']	2021-05-25	455	211755692	179699519	32056173	1742005	29418778	895390
['*, *, *']	2021-05-26	456	211755692	179569755	32185937	1718434	29568480	899023
['*, *, *']	2021-05-27	457	211755692	179444967	32310725	1691508	29716661	902556
['*, *, *']	2021-05-28	458	211755692	179328491	32427201	1677895	29843188	906118
['*, *, *']	2021-05-29	459	211755692	179211866	32543826	1698337	29935768	909721
['*, *, *']	2021-05-30	460	211755692	179091892	32663800	1729031	30021411	913358
['*, *, *']	2021-05-31	461	211755692	178971120	32784572	1727938	30139584	917050
['*, *, *']	2021-06-01	462	211755692	178851779	32903913	1697177	30286073	920663
['*, *, *']	2021-06-02	463	211755692	178725053	33030639	1666099	30440131	924409
['*, *, *']	2021-06-03	464	211755692	178594965	33160727	1642458	30590169	928100
['*, *, *']	2021-06-04	465	211755692	178467176	33288516	1631664	30725384	931468
['*, *, *']	2021-06-05	466	211755692	178341455	33414237	1655454	30824006	934777
['*, *, *']	2021-06-06	467	211755692	178215291	33540401	1696453	30905851	938097
['*, *, *']	2021-06-07	468	211755692	178090192	33665500	1704947	31019122	941431
['*, *, *']	2021-06-08	469	211755692	177967348	33788344	1683226	31160116	945002
['*, *, *']	2021-06-09	470	211755692	177851576	33904116	1661133	31294580	948403
['*, *, *']	2021-06-10	471	211755692	177731856	34023836	1660555	31411316	951965
['*, *, *']	2021-06-11	472	211755692	177601588	34154104	1669378	31528950	955776
['*, *, *']	2021-06-12	473	211755692	177469829	34285863	1688385	31637833	959645
['*, *, *']	2021-06-13	474	211755692	177341834	34413858	1720907	31729412	963539
['*, *, *']	2021-06-14	475	211755692	177211653	34544039	1732838	31843815	967386
['*, *, *']	2021-06-15	476	211755692	177074794	34680898	1703811	32005896	971191
['*, *, *']	2021-06-16	477	211755692	176947678	34808014	1667873	32165383	974758