regiao,estado,municipio,data,populacaoTCU2019,casosAcumulado,casosNovos,obitosAcumulado,obitosNovos,Recuperadosnovos,emAcompanhamentoNovos
Sudeste,SP,,2020-02-25,45919049.0,0.0,0,0,0,,
Sudeste,SP,,2020-02-26,45919049.0,1.0,1,0,0,,
Sudeste,SP,,2020-02-27,45919049.0,1.0,0,0,0,,
Sudeste,SP,,2020-02-28,45919049.0,1.0,0,0,0,,
Sudeste,SP,,2020-02-29,45919049.0,2.0,1,0,0,,
Sudeste,SP,,2020-03-01,45919049.0,2.0,0,0,0,,
Sudeste,SP,,2020-03-02,45919049.0,2.0,0,0,0,,
Sudeste,SP,,2020-03-03,45919049.0,2.0,0,0,0,,
Sudeste,SP,,2020-03-04,45919049.0,3.0,1,0,0,,
Sudeste,SP,,2020-03-05,45919049.0,6.0,3,0,0,,
Sudeste,SP,,2020-03-06,45919049.0,10.0,4,0,0,,
Sudeste,SP,,2020-03-07,45919049.0,13.0,3,0,0,,
Sudeste,SP,,2020-03-08,45919049.0,16.0,3,0,0,,
Sudeste,SP,,2020-03-09,45919049.0,16.0,0,0,0,,
Sudeste,SP,,2020-03-10,45919049.0,19.0,3,0,0,,
Sudeste,SP,,2020-03-11,45919049.0,30.0,11,0,0,,
Sudeste,SP,,2020-03-12,45919049.0,42.0,12,0,0,,
Sudeste,SP,,2020-03-13,45919049.0,56.0,14,0,0,,
Sudeste,SP,,2020-03-14,45919049.0,65.0,9,0,0,,
Sudeste,SP,,2020-03-15,45919049.0,136.0,71,0,0,,
Sudeste,SP,,2020-03-16,45919049.0,152.0,16,0,0,,
Sudeste,SP,,2020-03-17,45919049.0,164.0,12,1,1,,
Sudeste,SP,,2020-03-18,45919049.0,240.0,76,4,3,,
Sudeste,SP,,2020-03-19,45919049.0,286.0,46,4,0,,
Sudeste,SP,,2020-03-20,45919049.0,396.0,110,9,5,,
Sudeste,SP,,2020-03-21,45919049.0,459.0,63,15,6,,
Sudeste,SP,,2020-03-22,45919049.0,631.0,172,22,7,,
Sudeste,SP,,2020-03-23,45919049.0,745.0,114,30,8,,
Sudeste,SP,,2020-03-24,45919049.0,810.0,65,40,10,,
Sudeste,SP,,2020-03-25,45919049.0,862.0,52,48,8,,
Sudeste,SP,,2020-03-26,45919049.0,1052.0,190,58,10,,
Sudeste,SP,,2020-03-27,45919049.0,1223.0,171,68,10,,
Sudeste,SP,,2020-03-28,45919049.0,1406.0,183,84,16,,
Sudeste,SP,,2020-03-29,45919049.0,1451.0,45,98,14,,
Sudeste,SP,,2020-03-30,45919049.0,1517.0,66,113,15,,
Sudeste,SP,,2020-03-31,45919049.0,2339.0,822,136,23,,
Sudeste,SP,,2020-04-01,45919049.0,2981.0,642,164,28,,
Sudeste,SP,,2020-04-02,45919049.0,3506.0,525,188,24,,
Sudeste,SP,,2020-04-03,45919049.0,4048.0,542,219,31,,
Sudeste,SP,,2020-04-04,45919049.0,4466.0,418,260,41,,
Sudeste,SP,,2020-04-05,45919049.0,4620.0,154,275,15,,
Sudeste,SP,,2020-04-06,45919049.0,4866.0,246,304,29,,
Sudeste,SP,,2020-04-07,45919049.0,5682.0,816,371,67,,
Sudeste,SP,,2020-04-08,45919049.0,6708.0,1026,428,57,,
Sudeste,SP,,2020-04-09,45919049.0,7480.0,772,496,68,,
Sudeste,SP,,2020-04-10,45919049.0,8216.0,736,540,44,,
Sudeste,SP,,2020-04-11,45919049.0,8419.0,203,560,20,,
Sudeste,SP,,2020-04-12,45919049.0,8755.0,336,588,28,,
Sudeste,SP,,2020-04-13,45919049.0,8895.0,140,608,20,,
Sudeste,SP,,2020-04-14,45919049.0,9371.0,476,695,87,,
Sudeste,SP,,2020-04-15,45919049.0,11043.0,1672,778,83,,
Sudeste,SP,,2020-04-16,45919049.0,11568.0,525,853,75,,
Sudeste,SP,,2020-04-17,45919049.0,12841.0,1273,928,75,,
Sudeste,SP,,2020-04-18,45919049.0,13894.0,1053,991,63,,
Sudeste,SP,,2020-04-19,45919049.0,14267.0,373,1015,24,,
Sudeste,SP,,2020-04-20,45919049.0,14580.0,313,1037,22,,
Sudeste,SP,,2020-04-21,45919049.0,15385.0,805,1093,56,,
Sudeste,SP,,2020-04-22,45919049.0,15914.0,529,1134,41,,
Sudeste,SP,,2020-04-23,45919049.0,16740.0,826,1345,211,,
Sudeste,SP,,2020-04-24,45919049.0,17826.0,1086,1512,167,,
Sudeste,SP,,2020-04-25,45919049.0,20004.0,2178,1667,155,,
Sudeste,SP,,2020-04-26,45919049.0,20715.0,711,1700,33,,
Sudeste,SP,,2020-04-27,45919049.0,21696.0,981,1825,125,,
Sudeste,SP,,2020-04-28,45919049.0,24041.0,2345,2049,224,,
Sudeste,SP,,2020-04-29,45919049.0,26158.0,2117,2247,198,,
Sudeste,SP,,2020-04-30,45919049.0,28698.0,2540,2375,128,,
Sudeste,SP,,2020-05-01,45919049.0,30374.0,1676,2511,136,,
Sudeste,SP,,2020-05-02,45919049.0,31174.0,800,2586,75,,
Sudeste,SP,,2020-05-03,45919049.0,31772.0,598,2627,41,,
Sudeste,SP,,2020-05-04,45919049.0,32187.0,415,2654,27,,
Sudeste,SP,,2020-05-05,45919049.0,34053.0,1866,2851,197,,
Sudeste,SP,,2020-05-06,45919049.0,37853.0,3800,3045,194,,
Sudeste,SP,,2020-05-07,45919049.0,39928.0,2075,3206,161,,
Sudeste,SP,,2020-05-08,45919049.0,41830.0,1902,3416,210,,
Sudeste,SP,,2020-05-09,45919049.0,44411.0,2581,3608,192,,
Sudeste,SP,,2020-05-10,45919049.0,45444.0,1033,3709,101,,
Sudeste,SP,,2020-05-11,45919049.0,46131.0,687,3743,34,,
Sudeste,SP,,2020-05-12,45919049.0,47719.0,1588,3949,206,,
Sudeste,SP,,2020-05-13,45919049.0,51097.0,3378,4118,169,,
Sudeste,SP,,2020-05-14,45919049.0,54286.0,3189,4315,197,,
Sudeste,SP,,2020-05-15,45919049.0,58378.0,4092,4501,186,,
Sudeste,SP,,2020-05-16,45919049.0,61183.0,2805,4688,187,,
Sudeste,SP,,2020-05-17,45919049.0,62345.0,1162,4782,94,,
Sudeste,SP,,2020-05-18,45919049.0,63066.0,721,4823,41,,
Sudeste,SP,,2020-05-19,45919049.0,65995.0,2929,5147,324,,
Sudeste,SP,,2020-05-20,45919049.0,69859.0,3864,5363,216,,
Sudeste,SP,,2020-05-21,45919049.0,73739.0,3880,5558,195,,
Sudeste,SP,,2020-05-22,45919049.0,76871.0,3132,5773,215,,
Sudeste,SP,,2020-05-23,45919049.0,80558.0,3687,6045,272,,
Sudeste,SP,,2020-05-24,45919049.0,82161.0,1603,6163,118,,
Sudeste,SP,,2020-05-25,45919049.0,83625.0,1464,6220,57,,
Sudeste,SP,,2020-05-26,45919049.0,86017.0,2392,6423,203,,
Sudeste,SP,,2020-05-27,45919049.0,89483.0,3466,6712,289,,
Sudeste,SP,,2020-05-28,45919049.0,95865.0,6382,6980,268,,
Sudeste,SP,,2020-05-29,45919049.0,101556.0,5691,7275,295,,
Sudeste,SP,,2020-05-30,45919049.0,107142.0,5586,7532,257,,
Sudeste,SP,,2020-05-31,45919049.0,109698.0,2556,7615,83,,
Sudeste,SP,,2020-06-01,45919049.0,111296.0,1598,7667,52,,
Sudeste,SP,,2020-06-02,45919049.0,118295.0,6999,7994,327,,
Sudeste,SP,,2020-06-03,45919049.0,123483.0,5188,8276,282,,
Sudeste,SP,,2020-06-04,45919049.0,129200.0,5717,8560,284,,
Sudeste,SP,,2020-06-05,45919049.0,134565.0,5365,8842,282,,
Sudeste,SP,,2020-06-06,45919049.0,140549.0,5984,9058,216,,
Sudeste,SP,,2020-06-07,45919049.0,143073.0,2524,9145,87,,
Sudeste,SP,,2020-06-08,45919049.0,144593.0,1520,9188,43,,
Sudeste,SP,,2020-06-09,45919049.0,150138.0,5545,9522,334,,
Sudeste,SP,,2020-06-10,45919049.0,156316.0,6178,9862,340,,
Sudeste,SP,,2020-06-11,45919049.0,162520.0,6204,10145,283,,
Sudeste,SP,,2020-06-12,45919049.0,167900.0,5380,10368,223,,
Sudeste,SP,,2020-06-13,45919049.0,172875.0,4975,10581,213,,
Sudeste,SP,,2020-06-14,45919049.0,178202.0,5327,10694,113,,
Sudeste,SP,,2020-06-15,45919049.0,181460.0,3258,10767,73,,
Sudeste,SP,,2020-06-16,45919049.0,190285.0,8825,11132,365,,
Sudeste,SP,,2020-06-17,45919049.0,191517.0,1232,11521,389,,
Sudeste,SP,,2020-06-18,45919049.0,192628.0,1111,11846,325,,
Sudeste,SP,,2020-06-19,45919049.0,211658.0,19030,12232,386,,
Sudeste,SP,,2020-06-20,45919049.0,215793.0,4135,12494,262,,
Sudeste,SP,,2020-06-21,45919049.0,219185.0,3392,12588,94,,
Sudeste,SP,,2020-06-22,45919049.0,221973.0,2788,12634,46,,
Sudeste,SP,,2020-06-23,45919049.0,229475.0,7502,13068,434,,
Sudeste,SP,,2020-06-24,45919049.0,238822.0,9347,13352,284,,
Sudeste,SP,,2020-06-25,45919049.0,248587.0,9765,13759,407,,
Sudeste,SP,,2020-06-26,45919049.0,258508.0,9921,13966,207,,
Sudeste,SP,,2020-06-27,45919049.0,265581.0,7073,14263,297,,
Sudeste,SP,,2020-06-28,45919049.0,271737.0,6156,14338,75,,
Sudeste,SP,,2020-06-29,45919049.0,275145.0,3408,14398,60,,
Sudeste,SP,,2020-06-30,45919049.0,281380.0,6235,14763,365,,
Sudeste,SP,,2020-07-01,45919049.0,289935.0,8555,15030,267,,
Sudeste,SP,,2020-07-02,45919049.0,302179.0,12244,15351,321,,
Sudeste,SP,,2020-07-03,45919049.0,310702.0,8523,15694,343,,
Sudeste,SP,,2020-07-04,45919049.0,312530.0,1828,15996,302,,
Sudeste,SP,,2020-07-05,45919049.0,320179.0,7649,16078,82,,
Sudeste,SP,,2020-07-06,45919049.0,323070.0,2891,16134,56,,
Sudeste,SP,,2020-07-07,45919049.0,332708.0,9638,16475,341,,
Sudeste,SP,,2020-07-08,45919049.0,341365.0,8657,16788,313,,
Sudeste,SP,,2020-07-09,45919049.0,349715.0,8350,17118,330,,
Sudeste,SP,,2020-07-10,45919049.0,359110.0,9395,17442,324,,
Sudeste,SP,,2020-07-11,45919049.0,366890.0,7780,17702,260,,
Sudeste,SP,,2020-07-12,45919049.0,371997.0,5107,17848,146,,
Sudeste,SP,,2020-07-13,45919049.0,374607.0,2610,17907,59,,
Sudeste,SP,,2020-07-14,45919049.0,386607.0,12000,18324,417,,
Sudeste,SP,,2020-07-15,45919049.0,393176.0,6569,18640,316,,
Sudeste,SP,,2020-07-16,45919049.0,402048.0,8872,19038,398,,
Sudeste,SP,,2020-07-17,45919049.0,407415.0,5367,19377,339,,
Sudeste,SP,,2020-07-18,45919049.0,412027.0,4612,19647,270,,
Sudeste,SP,,2020-07-19,45919049.0,415049.0,3022,19732,85,,
Sudeste,SP,,2020-07-20,45919049.0,416434.0,1385,19788,56,,
Sudeste,SP,,2020-07-21,45919049.0,422669.0,6235,20171,383,,
Sudeste,SP,,2020-07-22,45919049.0,439446.0,16777,20532,361,,
Sudeste,SP,,2020-07-23,45919049.0,452007.0,12561,20894,362,,
Sudeste,SP,,2020-07-24,45919049.0,463218.0,11211,21206,312,,
Sudeste,SP,,2020-07-25,45919049.0,479481.0,16263,21517,311,,
Sudeste,SP,,2020-07-26,45919049.0,483982.0,4501,21606,89,,
Sudeste,SP,,2020-07-27,45919049.0,487654.0,3672,21676,70,,
Sudeste,SP,,2020-07-28,45919049.0,487654.0,0,21676,0,,
Sudeste,SP,,2020-07-29,45919049.0,514197.0,26543,22389,713,,
Sudeste,SP,,2020-07-30,45919049.0,529006.0,14809,22710,321,,
Sudeste,SP,,2020-07-31,45919049.0,542304.0,13298,22997,287,,
Sudeste,SP,,2020-08-01,45919049.0,552318.0,10014,23236,239,,
Sudeste,SP,,2020-08-02,45919049.0,558685.0,6367,23317,81,,
Sudeste,SP,,2020-08-03,45919049.0,560218.0,1533,23365,48,,
Sudeste,SP,,2020-08-04,45919049.0,575589.0,15371,23702,337,,
Sudeste,SP,,2020-08-05,45919049.0,585265.0,9676,24109,407,,
Sudeste,SP,,2020-08-06,45919049.0,598670.0,13405,24448,339,,
Sudeste,SP,,2020-08-07,45919049.0,608379.0,9709,24735,287,,
Sudeste,SP,,2020-08-08,45919049.0,621731.0,13352,25016,281,,
Sudeste,SP,,2020-08-09,45919049.0,627126.0,5395,25114,98,,
Sudeste,SP,,2020-08-10,45919049.0,628415.0,1289,25151,37,,
Sudeste,SP,,2020-08-11,45919049.0,639562.0,11147,25571,420,,
Sudeste,SP,,2020-08-12,45919049.0,655181.0,15619,25869,298,,
Sudeste,SP,,2020-08-13,45919049.0,674455.0,19274,26324,455,,
Sudeste,SP,,2020-08-14,45919049.0,686122.0,11667,26613,289,,
Sudeste,SP,,2020-08-15,45919049.0,697530.0,11408,26780,167,,
Sudeste,SP,,2020-08-16,45919049.0,699493.0,1963,26852,72,,
Sudeste,SP,,2020-08-17,45919049.0,702665.0,3172,26899,47,,
Sudeste,SP,,2020-08-18,45919049.0,711530.0,8865,27315,416,,
Sudeste,SP,,2020-08-19,45919049.0,721377.0,9847,27591,276,,
Sudeste,SP,,2020-08-20,45919049.0,730828.0,9451,27905,314,,
Sudeste,SP,,2020-08-21,45919049.0,735960.0,5132,28155,250,,
Sudeste,SP,,2020-08-22,45919049.0,749244.0,13284,28392,237,,
Sudeste,SP,,2020-08-23,45919049.0,754129.0,4885,28467,75,,
Sudeste,SP,,2020-08-24,45919049.0,756480.0,2351,28505,38,,
Sudeste,SP,,2020-08-25,45919049.0,765670.0,9190,28912,407,,
Sudeste,SP,,2020-08-26,45919049.0,776135.0,10465,29194,282,,
Sudeste,SP,,2020-08-27,45919049.0,784453.0,8318,29415,221,,
Sudeste,SP,,2020-08-28,45919049.0,796209.0,11756,29694,279,,
Sudeste,SP,,2020-08-29,45919049.0,801422.0,5213,29944,250,,
Sudeste,SP,,2020-08-30,45919049.0,803404.0,1982,29978,34,,
Sudeste,SP,,2020-08-31,45919049.0,804342.0,938,30014,36,,
Sudeste,SP,,2020-09-01,45919049.0,814375.0,10033,30375,361,,
Sudeste,SP,,2020-09-02,45919049.0,826331.0,11956,30673,298,,
Sudeste,SP,,2020-09-03,45919049.0,837978.0,11647,30905,232,,
Sudeste,SP,,2020-09-04,45919049.0,845016.0,7038,31091,186,,
Sudeste,SP,,2020-09-05,45919049.0,853085.0,8069,31313,222,,
Sudeste,SP,,2020-09-06,45919049.0,855722.0,2637,31353,40,,
Sudeste,SP,,2020-09-07,45919049.0,857330.0,1608,31377,24,,
Sudeste,SP,,2020-09-08,45919049.0,858783.0,1453,31430,53,,
Sudeste,SP,,2020-09-09,45919049.0,866576.0,7793,31821,391,,
Sudeste,SP,,2020-09-10,45919049.0,874754.0,8178,32104,283,,
Sudeste,SP,,2020-09-11,45919049.0,882809.0,8055,32338,234,,
Sudeste,SP,,2020-09-12,45919049.0,890690.0,7881,32567,229,,
Sudeste,SP,,2020-09-13,45919049.0,892257.0,1567,32606,39,,
Sudeste,SP,,2020-09-14,45919049.0,893349.0,1092,32642,36,,
Sudeste,SP,,2020-09-15,45919049.0,901271.0,7922,32963,321,,
Sudeste,SP,,2020-09-16,45919049.0,909428.0,8157,33253,290,,
Sudeste,SP,,2020-09-17,45919049.0,916821.0,7393,33472,219,,
Sudeste,SP,,2020-09-18,45919049.0,924532.0,7711,33678,206,,
Sudeste,SP,,2020-09-19,45919049.0,931673.0,7141,33927,249,,
Sudeste,SP,,2020-09-20,45919049.0,935300.0,3627,33952,25,,
Sudeste,SP,,2020-09-21,45919049.0,937332.0,2032,33984,32,,
Sudeste,SP,,2020-09-22,45919049.0,945422.0,8090,34266,282,,
Sudeste,SP,,2020-09-23,45919049.0,951973.0,6551,34492,226,,
Sudeste,SP,,2020-09-24,45919049.0,958240.0,6267,34677,185,,
Sudeste,SP,,2020-09-25,45919049.0,964921.0,6681,34877,200,,
Sudeste,SP,,2020-09-26,45919049.0,970888.0,5967,35063,186,,
Sudeste,SP,,2020-09-27,45919049.0,972237.0,1349,35108,45,,
Sudeste,SP,,2020-09-28,45919049.0,973142.0,905,35125,17,,
Sudeste,SP,,2020-09-29,45919049.0,979519.0,6377,35391,266,,
Sudeste,SP,,2020-09-30,45919049.0,985628.0,6109,35622,231,,
Sudeste,SP,,2020-10-01,45919049.0,991725.0,6097,35804,182,,
Sudeste,SP,,2020-10-02,45919049.0,997333.0,5608,35956,152,,
Sudeste,SP,,2020-10-03,45919049.0,1003429.0,6096,36136,180,,
Sudeste,SP,,2020-10-04,45919049.0,1003902.0,473,36178,42,,
Sudeste,SP,,2020-10-05,45919049.0,1004579.0,677,36220,42,,
Sudeste,SP,,2020-10-06,45919049.0,1010839.0,6260,36490,270,,
Sudeste,SP,,2020-10-07,45919049.0,1016755.0,5916,36669,179,,
Sudeste,SP,,2020-10-08,45919049.0,1022404.0,5649,36884,215,,
Sudeste,SP,,2020-10-09,45919049.0,1028190.0,5786,37068,184,,
Sudeste,SP,,2020-10-10,45919049.0,1034816.0,6626,37223,155,,
Sudeste,SP,,2020-10-11,45919049.0,1037660.0,2844,37256,33,,
Sudeste,SP,,2020-10-12,45919049.0,1038344.0,684,37279,23,,
Sudeste,SP,,2020-10-13,45919049.0,1039029.0,685,37314,35,,
Sudeste,SP,,2020-10-14,45919049.0,1045060.0,6031,37541,227,,
Sudeste,SP,,2020-10-15,45919049.0,1051613.0,6553,37690,149,,
Sudeste,SP,,2020-10-16,45919049.0,1057240.0,5627,37870,180,,
Sudeste,SP,,2020-10-17,45919049.0,1062634.0,5394,37992,122,,
Sudeste,SP,,2020-10-18,45919049.0,1063602.0,968,38020,28,,
Sudeste,SP,,2020-10-19,45919049.0,1064039.0,437,38035,15,,
Sudeste,SP,,2020-10-20,45919049.0,1068962.0,4923,38246,211,,
Sudeste,SP,,2020-10-21,45919049.0,1073261.0,4299,38371,125,,
Sudeste,SP,,2020-10-22,45919049.0,1076939.0,3678,38482,111,,
Sudeste,SP,,2020-10-23,45919049.0,1083641.0,6702,38608,126,,
Sudeste,SP,,2020-10-24,45919049.0,1089255.0,5614,38726,118,,
Sudeste,SP,,2020-10-25,45919049.0,1091980.0,2725,38747,21,,
Sudeste,SP,,2020-10-26,45919049.0,1092843.0,863,38753,6,,
Sudeste,SP,,2020-10-27,45919049.0,1098207.0,5364,38885,132,,
Sudeste,SP,,2020-10-28,45919049.0,1103582.0,5375,39007,122,,
Sudeste,SP,,2020-10-29,45919049.0,1108860.0,5278,39119,112,,
Sudeste,SP,,2020-10-30,45919049.0,1113788.0,4928,39255,136,,
Sudeste,SP,,2020-10-31,45919049.0,1116127.0,2339,39311,56,,
Sudeste,SP,,2020-11-01,45919049.0,1117147.0,1020,39331,20,,
Sudeste,SP,,2020-11-02,45919049.0,1117795.0,648,39346,15,,
Sudeste,SP,,2020-11-03,45919049.0,1118544.0,749,39364,18,,
Sudeste,SP,,2020-11-04,45919049.0,1123299.0,4755,39549,185,,
Sudeste,SP,,2020-11-05,45919049.0,1125936.0,2637,39717,168,,
Sudeste,SP,,2020-11-06,45919049.0,1125936.0,0,39717,0,,
Sudeste,SP,,2020-11-07,45919049.0,1125936.0,0,39717,0,,
Sudeste,SP,,2020-11-08,45919049.0,1125936.0,0,39717,0,,
Sudeste,SP,,2020-11-09,45919049.0,1125936.0,0,39717,0,,
Sudeste,SP,,2020-11-10,45919049.0,1125936.0,0,39717,0,,
Sudeste,SP,,2020-11-11,45919049.0,1150872.0,24936,39907,190,,
Sudeste,SP,,2020-11-12,45919049.0,1156652.0,5780,40202,295,,
Sudeste,SP,,2020-11-13,45919049.0,1162782.0,6130,40202,0,,
Sudeste,SP,,2020-11-14,45919049.0,1167422.0,4640,40549,347,,
Sudeste,SP,,2020-11-15,45919049.0,1168640.0,1218,40564,15,,
Sudeste,SP,,2020-11-16,45919049.0,1169377.0,737,40576,12,,
Sudeste,SP,,2020-11-17,45919049.0,1178075.0,8698,40749,173,,
Sudeste,SP,,2020-11-18,45919049.0,1184496.0,6421,40927,178,,
Sudeste,SP,,2020-11-19,45919049.0,1191290.0,6794,41074,147,,
Sudeste,SP,,2020-11-20,45919049.0,1200348.0,9058,41179,105,,
Sudeste,SP,,2020-11-21,45919049.0,1205435.0,5087,41256,77,,
Sudeste,SP,,2020-11-22,45919049.0,1209588.0,4153,41267,11,,
Sudeste,SP,,2020-11-23,45919049.0,1210625.0,1037,41276,9,,
Sudeste,SP,,2020-11-24,45919049.0,1215844.0,5219,41455,179,,
Sudeste,SP,,2020-11-25,45919049.0,1224744.0,8900,41601,146,,
Sudeste,SP,,2020-11-26,45919049.0,1229267.0,4523,41773,172,,
Sudeste,SP,,2020-11-27,45919049.0,1233587.0,4320,41902,129,,
Sudeste,SP,,2020-11-28,45919049.0,1238094.0,4507,42048,146,,
Sudeste,SP,,2020-11-29,45919049.0,1240473.0,2379,42076,28,,
Sudeste,SP,,2020-11-30,45919049.0,1241653.0,1180,42095,19,,
Sudeste,SP,,2020-12-01,45919049.0,1250590.0,8937,42290,195,,
Sudeste,SP,,2020-12-02,45919049.0,1259704.0,9114,42456,166,,
Sudeste,SP,,2020-12-03,45919049.0,1267912.0,8208,42637,181,,
Sudeste,SP,,2020-12-04,45919049.0,1276149.0,8237,42788,151,,
Sudeste,SP,,2020-12-05,45919049.0,1285087.0,8938,42969,181,,
Sudeste,SP,,2020-12-06,45919049.0,1287762.0,2675,43015,46,,
Sudeste,SP,,2020-12-07,45919049.0,1288878.0,1116,43040,25,,
Sudeste,SP,,2020-12-08,45919049.0,1296801.0,7923,43282,242,,
Sudeste,SP,,2020-12-09,45919049.0,1306585.0,9784,43461,179,,
Sudeste,SP,,2020-12-10,45919049.0,1316371.0,9786,43661,200,,
Sudeste,SP,,2020-12-11,45919049.0,1325162.0,8791,43802,141,,
Sudeste,SP,,2020-12-12,45919049.0,1333763.0,8601,43971,169,,
Sudeste,SP,,2020-12-13,45919049.0,1334703.0,940,44018,47,,
Sudeste,SP,,2020-12-14,45919049.0,1337016.0,2313,44050,32,,
Sudeste,SP,,2020-12-15,45919049.0,1341428.0,4412,44282,232,,
Sudeste,SP,,2020-12-16,45919049.0,1341428.0,0,44282,0,,
Sudeste,SP,,2020-12-17,45919049.0,1361731.0,20303,44681,399,,
Sudeste,SP,,2020-12-18,45919049.0,1371653.0,9922,44878,197,,
Sudeste,SP,,2020-12-19,45919049.0,1384100.0,12447,45029,151,,
Sudeste,SP,,2020-12-20,45919049.0,1384100.0,0,45029,0,,
Sudeste,SP,,2020-12-21,45919049.0,1388043.0,3943,45136,107,,
Sudeste,SP,,2020-12-22,45919049.0,1398757.0,10714,45395,259,,
Sudeste,SP,,2020-12-23,45919049.0,1409140.0,10383,45576,181,,
Sudeste,SP,,2020-12-24,45919049.0,1418491.0,9351,45758,182,,
Sudeste,SP,,2020-12-25,45919049.0,1422087.0,3596,45795,37,,
Sudeste,SP,,2020-12-26,45919049.0,1423340.0,1253,45808,13,,
Sudeste,SP,,2020-12-27,45919049.0,1426176.0,2836,45863,55,,
Sudeste,SP,,2020-12-28,45919049.0,1427752.0,1576,45902,39,,
Sudeste,SP,,2020-12-29,45919049.0,1440229.0,12477,46195,293,,
Sudeste,SP,,2020-12-30,45919049.0,1452078.0,11849,46477,282,,
Sudeste,SP,,2020-12-31,45919049.0,1462297.0,10219,46717,240,,
Sudeste,SP,,2021-01-01,45919049.0,1466191.0,3894,46775,58,,
Sudeste,SP,,2021-01-02,45919049.0,1467953.0,1762,46808,33,,
Sudeste,SP,,2021-01-03,45919049.0,1471422.0,3469,46845,37,,
Sudeste,SP,,2021-01-04,45919049.0,1473670.0,2248,46888,43,,
Sudeste,SP,,2021-01-05,45919049.0,1486551.0,12881,47222,334,,
Sudeste,SP,,2021-01-06,45919049.0,1501085.0,14534,47511,289,,
Sudeste,SP,,2021-01-07,45919049.0,1515158.0,14073,47768,257,,
Sudeste,SP,,2021-01-08,45919049.0,1528952.0,13794,48029,261,,
Sudeste,SP,,2021-01-09,45919049.0,1540513.0,11561,48298,269,,
Sudeste,SP,,2021-01-10,45919049.0,1546132.0,5619,48351,53,,
Sudeste,SP,,2021-01-11,45919049.0,1549142.0,3010,48379,28,,
Sudeste,SP,,2021-01-12,45919049.0,1561844.0,12702,48662,283,,
Sudeste,SP,,2021-01-13,45919049.0,1577119.0,15275,48985,323,,
Sudeste,SP,,2021-01-14,45919049.0,1590829.0,13710,49289,304,,
Sudeste,SP,,2021-01-15,45919049.0,1605845.0,15016,49600,311,,
Sudeste,SP,,2021-01-16,45919049.0,1619619.0,13774,49885,285,,
Sudeste,SP,,2021-01-17,45919049.0,1625339.0,5720,49945,60,,
Sudeste,SP,,2021-01-18,45919049.0,1628272.0,2933,49987,42,,
Sudeste,SP,,2021-01-19,45919049.0,1644225.0,15953,50318,331,,
Sudeste,SP,,2021-01-20,45919049.0,1658636.0,14411,50652,334,,
Sudeste,SP,,2021-01-21,45919049.0,1670754.0,12118,50938,286,,
Sudeste,SP,,2021-01-22,45919049.0,1679759.0,9005,51192,254,,
Sudeste,SP,,2021-01-23,45919049.0,1694355.0,14596,51423,231,,
Sudeste,SP,,2021-01-24,45919049.0,1699427.0,5072,51502,79,,
Sudeste,SP,,2021-01-25,45919049.0,1702294.0,2867,51556,54,,
Sudeste,SP,,2021-01-26,45919049.0,1715253.0,12959,51838,282,,
Sudeste,SP,,2021-01-27,45919049.0,1731294.0,16041,52170,332,,
Sudeste,SP,,2021-01-28,45919049.0,1746070.0,14776,52481,311,,
Sudeste,SP,,2021-01-29,45919049.0,1759957.0,13887,52722,241,,
Sudeste,SP,,2021-01-30,45919049.0,1773024.0,13067,52954,232,,
Sudeste,SP,,2021-01-31,45919049.0,1777368.0,4344,53034,80,,
Sudeste,SP,,2021-02-01,45919049.0,1779722.0,2354,53090,56,,
Sudeste,SP,,2021-02-02,45919049.0,1794019.0,14297,53455,365,,
Sudeste,SP,,2021-02-03,45919049.0,1807009.0,12990,53704,249,,
Sudeste,SP,,2021-02-04,45919049.0,1820941.0,13932,53997,293,,
Sudeste,SP,,2021-02-05,45919049.0,1833163.0,12222,54324,327,,
Sudeste,SP,,2021-02-06,45919049.0,1845086.0,11923,54545,221,,
Sudeste,SP,,2021-02-07,45919049.0,1849334.0,4248,54614,69,,
Sudeste,SP,,2021-02-08,45919049.0,1851776.0,2442,54663,49,,
Sudeste,SP,,2021-02-09,45919049.0,1864977.0,13201,55087,424,,
Sudeste,SP,,2021-02-10,45919049.0,1878802.0,13825,55419,332,,
Sudeste,SP,,2021-02-11,45919049.0,1889969.0,11167,55742,323,,
Sudeste,SP,,2021-02-12,45919049.0,1901574.0,11605,55971,229,,
Sudeste,SP,,2021-02-13,45919049.0,1911411.0,9837,56191,220,,
Sudeste,SP,,2021-02-14,45919049.0,1913598.0,2187,56266,75,,
Sudeste,SP,,2021-02-15,45919049.0,1915914.0,2316,56304,38,,
Sudeste,SP,,2021-02-16,45919049.0,1927410.0,11496,56702,398,,
Sudeste,SP,,2021-02-17,45919049.0,1938712.0,11302,56960,258,,
Sudeste,SP,,2021-02-18,45919049.0,1949459.0,10747,57240,280,,
Sudeste,SP,,2021-02-19,45919049.0,1960564.0,11105,57499,259,,
Sudeste,SP,,2021-02-20,45919049.0,1971423.0,10859,57743,244,,
Sudeste,SP,,2021-02-21,45919049.0,1975927.0,4504,57799,56,,
Sudeste,SP,,2021-02-22,45919049.0,1978477.0,2550,57842,43,,
Sudeste,SP,,2021-02-23,45919049.0,1990554.0,12077,58199,357,,
Sudeste,SP,,2021-02-24,45919049.0,2002640.0,12086,58528,329,,
Sudeste,SP,,2021-02-25,45919049.0,2014529.0,11889,58873,345,,
Sudeste,SP,,2021-02-26,45919049.0,2026125.0,11596,59129,256,,
Sudeste,SP,,2021-02-27,45919049.0,2037267.0,11142,59428,299,,
Sudeste,SP,,2021-02-28,45919049.0,2041628.0,4361,59493,65,,
Sudeste,SP,,2021-03-01,45919049.0,2044699.0,3071,59546,53,,
Sudeste,SP,,2021-03-02,45919049.0,2054867.0,10168,60014,468,,
Sudeste,SP,,2021-03-03,45919049.0,2068616.0,13749,60381,367,,
Sudeste,SP,,2021-03-04,45919049.0,2080852.0,12236,60694,313,,
Sudeste,SP,,2021-03-05,45919049.0,2093924.0,13072,61064,370,,
Sudeste,SP,,2021-03-06,45919049.0,2107687.0,13763,61417,353,,
Sudeste,SP,,2021-03-07,45919049.0,2113738.0,6051,61463,46,,
Sudeste,SP,,2021-03-08,45919049.0,2117962.0,4224,61584,121,,
Sudeste,SP,,2021-03-09,45919049.0,2134020.0,16058,62101,517,,
Sudeste,SP,,2021-03-10,45919049.0,2149561.0,15541,62570,469,,
Sudeste,SP,,2021-03-11,45919049.0,2164066.0,14505,63010,440,,
Sudeste,SP,,2021-03-12,45919049.0,2179786.0,15720,63531,521,,
Sudeste,SP,,2021-03-13,45919049.0,2195130.0,15344,63965,434,,
Sudeste,SP,,2021-03-14,45919049.0,2202983.0,7853,64123,158,,
Sudeste,SP,,2021-03-15,45919049.0,2208242.0,5259,64223,100,,
Sudeste,SP,,2021-03-16,45919049.0,2225926.0,17684,64902,679,,
Sudeste,SP,,2021-03-17,45919049.0,2243868.0,17942,65519,617,,
Sudeste,SP,,2021-03-18,45919049.0,2261360.0,17492,66178,659,,
Sudeste,SP,,2021-03-19,45919049.0,2280033.0,18673,66798,620,,
Sudeste,SP,,2021-03-20,45919049.0,2298061.0,18028,67414,616,,
Sudeste,SP,,2021-03-21,45919049.0,2306326.0,8265,67558,144,,
Sudeste,SP,,2021-03-22,45919049.0,2311101.0,4775,67602,44,,
Sudeste,SP,,2021-03-23,45919049.0,2332043.0,20942,68623,1021,,
Sudeste,SP,,2021-03-24,45919049.0,2352438.0,20395,68904,281,,
Sudeste,SP,,2021-03-25,45919049.0,2370885.0,18447,69503,599,,
Sudeste,SP,,2021-03-26,45919049.0,2392374.0,21489,70696,1193,,
Sudeste,SP,,2021-03-27,45919049.0,2410498.0,18124,71747,1051,,
Sudeste,SP,,2021-03-28,45919049.0,2420100.0,9602,71991,244,,
Sudeste,SP,,2021-03-29,45919049.0,2425320.0,5220,72283,292,,
Sudeste,SP,,2021-03-30,45919049.0,2446680.0,21360,73492,1209,,
Sudeste,SP,,2021-03-31,45919049.0,2469849.0,23169,74652,1160,,
Sudeste,SP,,2021-04-01,45919049.0,2496416.0,26567,75734,1082,,
Sudeste,SP,,2021-04-02,45919049.0,2513178.0,16762,76552,818,,
Sudeste,SP,,2021-04-03,45919049.0,2520204.0,7026,76750,198,,
Sudeste,SP,,2021-04-04,45919049.0,2527400.0,7196,77020,270,,
Sudeste,SP,,2021-04-05,45919049.0,2532047.0,4647,77165,145,,
Sudeste,SP,,2021-04-06,45919049.0,2554841.0,22794,78554,1389,,
Sudeste,SP,,2021-04-07,45919049.0,2576362.0,21521,79443,889,,
Sudeste,SP,,2021-04-08,45919049.0,2597366.0,21004,80742,1299,,
Sudeste,SP,,2021-04-09,45919049.0,2618067.0,20701,81750,1008,,
Sudeste,SP,,2021-04-10,45919049.0,2635378.0,17311,82407,657,,
Sudeste,SP,,2021-04-11,45919049.0,2643534.0,8156,82917,510,,
Sudeste,SP,,2021-04-12,45919049.0,2648844.0,5310,83098,181,,
Sudeste,SP,,2021-04-13,45919049.0,2667241.0,18397,84380,1282,,
Sudeste,SP,,2021-04-14,45919049.0,2686031.0,18790,85475,1095,,
Sudeste,SP,,2021-04-15,45919049.0,2704098.0,18067,86535,1060,,
Sudeste,SP,,2021-04-16,45919049.0,2722077.0,17979,87326,791,,
Sudeste,SP,,2021-04-17,45919049.0,2739823.0,17746,88097,771,,
Sudeste,SP,,2021-04-18,45919049.0,2746217.0,6394,88350,253,,
Sudeste,SP,,2021-04-19,45919049.0,2750300.0,4083,88528,178,,
Sudeste,SP,,2021-04-20,45919049.0,2769360.0,19060,89650,1122,,
Sudeste,SP,,2021-04-21,45919049.0,2786483.0,17123,90627,977,,
Sudeste,SP,,2021-04-22,45919049.0,2793750.0,7267,90810,183,,
Sudeste,SP,,2021-04-23,45919049.0,2811562.0,17812,91673,863,,
Sudeste,SP,,2021-04-24,45919049.0,2827833.0,16271,92548,875,,
Sudeste,SP,,2021-04-25,45919049.0,2834321.0,6488,92693,145,,
Sudeste,SP,,2021-04-26,45919049.0,2838233.0,3912,92798,105,,
Sudeste,SP,,2021-04-27,45919049.0,2856225.0,17992,93842,1044,,
Sudeste,SP,,2021-04-28,45919049.0,2873238.0,17013,94656,814,,
Sudeste,SP,,2021-04-29,45919049.0,2888158.0,14920,95532,876,,
Sudeste,SP,,2021-04-30,45919049.0,2903709.0,15551,96191,659,,
Sudeste,SP,,2021-05-01,45919049.0,2918044.0,14335,96941,750,,
Sudeste,SP,,2021-05-02,45919049.0,2923367.0,5323,97058,117,,
Sudeste,SP,,2021-05-03,45919049.0,2926516.0,3149,97172,114,,
Sudeste,SP,,2021-05-04,45919049.0,2941980.0,15464,98021,849,,
Sudeste,SP,,2021-05-05,45919049.0,2956210.0,14230,98710,689,,
Sudeste,SP,,2021-05-06,45919049.0,2969680.0,13470,99406,696,,
Sudeste,SP,,2021-05-07,45919049.0,2984182.0,14502,99989,583,,
Sudeste,SP,,2021-05-08,45919049.0,2997282.0,13100,100649,660,,
Sudeste,SP,,2021-05-09,45919049.0,3003067.0,5785,100799,150,,
Sudeste,SP,,2021-05-10,45919049.0,3006250.0,3183,100854,55,,
Sudeste,SP,,2021-05-11,45919049.0,3022568.0,16318,101660,806,,
Sudeste,SP,,2021-05-12,45919049.0,3038240.0,15672,102356,696,,
Sudeste,SP,,2021-05-13,45919049.0,3053889.0,15649,102934,578,,
Sudeste,SP,,2021-05-14,45919049.0,3069804.0,15915,103493,559,,
Sudeste,SP,,2021-05-15,45919049.0,3085290.0,15486,103995,502,,
Sudeste,SP,,2021-05-16,45919049.0,3092844.0,7554,104219,224,,
Sudeste,SP,,2021-05-17,45919049.0,3096845.0,4001,104295,76,,
Sudeste,SP,,2021-05-18,45919049.0,3112624.0,15779,105105,810,,
Sudeste,SP,,2021-05-19,45919049.0,3129412.0,16788,105852,747,,
Sudeste,SP,,2021-05-20,45919049.0,3147348.0,17936,106437,585,,
